node_id,mse_15min,mae_15min,mape_15min,mse_30min,mae_30min,mape_30min,mse_60min,mae_60min,mape_60min
0,25.804433822631836,2.35988450050354,0.06159195676445961,43.04281997680664,2.9005956649780273,0.0825764462351799,70.69425201416016,3.6860404014587402,0.11485167592763901
1,7.755614757537842,1.6563714742660522,0.02809913270175457,8.389420509338379,1.7231471538543701,0.029408883303403854,8.919373512268066,1.8458993434906006,0.03129406273365021
2,18.143360137939453,2.073685884475708,0.04494801536202431,32.906280517578125,2.561537504196167,0.06082348898053169,67.29328155517578,3.411905527114868,0.08885591477155685
3,25.9044132232666,3.0202085971832275,0.07691121846437454,35.57029342651367,3.5343692302703857,0.09360796958208084,50.53449630737305,4.330428123474121,0.12058666348457336
4,44.15169143676758,4.568274974822998,0.12914736568927765,60.301048278808594,5.250569820404053,0.15655718743801117,94.39840698242188,6.577266216278076,0.1999477744102478
5,43.124176025390625,4.093703746795654,0.09741832315921783,57.001502990722656,4.7623701095581055,0.11748724430799484,78.65257263183594,5.772892475128174,0.14796291291713715
6,29.36055564880371,3.034496784210205,0.07006867974996567,40.93269729614258,3.550100326538086,0.08560724556446075,58.301029205322266,4.348069190979004,0.10858017206192017
7,5.946666240692139,1.6749690771102905,0.027192216366529465,6.249706745147705,1.7228158712387085,0.027964243665337563,6.863458156585693,1.8353502750396729,0.029716016724705696
8,26.066686630249023,2.704625368118286,0.06992051750421524,42.4398307800293,3.1694157123565674,0.09140180051326752,56.485591888427734,3.6027212142944336,0.11167824268341064
9,46.6651611328125,3.399770975112915,0.10629617422819138,84.46119689941406,4.54813814163208,0.15104904770851135,150.079345703125,6.266713619232178,0.2259940207004547
10,10.819416999816895,2.120136022567749,0.0369902178645134,13.153827667236328,2.3353261947631836,0.040654052048921585,17.350013732910156,2.7249534130096436,0.04707684367895126
11,6.9783782958984375,1.6257898807525635,0.027036568149924278,7.934109687805176,1.7292977571487427,0.028820589184761047,8.992483139038086,1.884789228439331,0.031326327472925186
12,55.242393493652344,3.707531690597534,0.15702183544635773,108.70030212402344,5.073320388793945,0.22003939747810364,213.10862731933594,7.672383785247803,0.34114956855773926
13,24.863985061645508,2.4587836265563965,0.05028708279132843,34.70107650756836,2.874782085418701,0.061302732676267624,49.824893951416016,3.4288647174835205,0.07480037212371826
14,44.032833099365234,4.061746120452881,0.09930131584405899,68.42717742919922,4.771718978881836,0.13149426877498627,123.28948211669922,6.175906181335449,0.2072342336177826
15,42.37890625,4.3699822425842285,0.1169564351439476,59.84567642211914,5.158708572387695,0.1434115320444107,95.24490356445312,6.579904079437256,0.18626244366168976
16,10.19890022277832,1.956691861152649,0.07283637672662735,15.582832336425781,2.247246742248535,0.0857088565826416,28.950769424438477,3.0393941402435303,0.11432550847530365
17,31.017131805419922,3.097019672393799,0.07235301285982132,44.688941955566406,3.657236099243164,0.08942417055368423,61.44110107421875,4.409882068634033,0.1112169697880745
18,13.031103134155273,2.5251243114471436,0.0490243025124073,13.759223937988281,2.627617120742798,0.05100645869970322,16.65900421142578,2.9032864570617676,0.05668846145272255
19,16.89312171936035,2.53538179397583,0.052624259144067764,21.972217559814453,2.8100125789642334,0.059155695140361786,33.34223937988281,3.4168710708618164,0.0719936341047287
20,30.142820358276367,2.670416831970215,0.06211412698030472,47.838443756103516,3.3552651405334473,0.0823228657245636,72.62422943115234,4.218074798583984,0.10754064470529556
21,12.614130020141602,2.370758056640625,0.04252379387617111,13.541147232055664,2.4708237648010254,0.044286683201789856,15.496031761169434,2.702883720397949,0.048445917665958405
22,17.54696273803711,2.6206393241882324,0.07067269086837769,27.692378997802734,3.194744110107422,0.09017789363861084,46.9770622253418,4.2472615242004395,0.12280651926994324
23,83.04874420166016,4.460677623748779,0.1758228987455368,128.54376220703125,5.668738842010498,0.25782307982444763,183.43881225585938,7.2157368659973145,0.37340813875198364
24,18.337074279785156,2.468334913253784,0.045961420983076096,20.701936721801758,2.653409719467163,0.049791742116212845,29.055757522583008,3.0617001056671143,0.05865608900785446
25,66.73236083984375,5.300732135772705,0.1382988840341568,90.65773010253906,6.176139831542969,0.16892193257808685,138.88778686523438,7.6179022789001465,0.22624816000461578
26,49.907413482666016,4.344119548797607,0.1290324330329895,62.395938873291016,4.910938262939453,0.15370287001132965,76.54035186767578,5.736659049987793,0.180073082447052
27,6.540276050567627,1.6868997812271118,0.028165077790617943,6.719221591949463,1.7129802703857422,0.028585435822606087,7.105884075164795,1.7891526222229004,0.029852867126464844
28,20.335214614868164,1.9934513568878174,0.04264796897768974,35.43149185180664,2.4373362064361572,0.06166854500770569,59.065185546875,3.0083377361297607,0.08664610981941223
29,23.3275146484375,2.3833138942718506,0.10173436254262924,32.40473175048828,2.840393543243408,0.13389109075069427,58.314231872558594,3.8809404373168945,0.2128218412399292
30,30.74213981628418,3.5786592960357666,0.07609857618808746,36.900421142578125,3.7855019569396973,0.0848422646522522,40.3499870300293,3.952409505844116,0.09032191336154938
31,9.230414390563965,1.8061622381210327,0.02952687256038189,10.066301345825195,1.9250202178955078,0.03143084794282913,11.322966575622559,2.0585856437683105,0.033553894609212875
32,20.124631881713867,2.583139419555664,0.04888731613755226,32.144412994384766,3.166396379470825,0.062295131385326385,51.69031524658203,3.9666121006011963,0.08110275119543076
33,24.663049697875977,2.97735333442688,0.06353376060724258,35.781978607177734,3.5115694999694824,0.07664871960878372,58.76490783691406,4.60159158706665,0.10215851664543152
34,28.4147891998291,2.714345693588257,0.05598825588822365,40.82223129272461,3.174417495727539,0.06716304272413254,61.58387756347656,3.8956103324890137,0.08403708785772324
35,13.166449546813965,2.4469988346099854,0.04364284127950668,14.16102409362793,2.5648624897003174,0.045642729848623276,16.649320602416992,2.8590612411499023,0.05080488324165344
36,30.609777450561523,2.5763776302337646,0.05759333819150925,41.960044860839844,2.9196362495422363,0.06908383220434189,48.727699279785156,3.1873300075531006,0.07747205346822739
37,21.10323143005371,2.4016265869140625,0.051305364817380905,31.889007568359375,2.8130741119384766,0.06172972545027733,51.21510314941406,3.5550169944763184,0.08113817870616913
38,106.76412200927734,5.7629714012146,0.1923985332250595,171.56103515625,7.349010467529297,0.2704637348651886,264.7047424316406,9.74155044555664,0.39184823632240295
39,16.881032943725586,2.4766483306884766,0.051217034459114075,19.789562225341797,2.6698760986328125,0.05571324750781059,26.776395797729492,3.084512233734131,0.06439731270074844
40,18.500661849975586,2.3329989910125732,0.05238034576177597,29.112573623657227,2.8105132579803467,0.06521718949079514,47.607460021972656,3.556889295578003,0.08475399762392044
41,25.356552124023438,2.9868054389953613,0.06459910422563553,37.880741119384766,3.668630361557007,0.0803142860531807,59.21102523803711,4.771796703338623,0.10616220533847809
42,36.241416931152344,3.1352174282073975,0.0672912448644638,51.136783599853516,3.688743829727173,0.08272002637386322,73.16048431396484,4.465221405029297,0.10622551292181015
43,45.46688461303711,3.495314121246338,0.11446972191333771,84.5881118774414,4.682047367095947,0.16612036526203156,147.18995666503906,6.528322219848633,0.2523774206638336
44,12.00802230834961,1.6780482530593872,0.0327005460858345,15.689764022827148,1.8268014192581177,0.04093417897820473,20.20240592956543,2.0299885272979736,0.048954568803310394
45,11.70166301727295,1.8171135187149048,0.03542274981737137,13.996405601501465,1.909356713294983,0.03802488371729851,13.94502067565918,1.9569720029830933,0.03868326172232628
46,7.607614040374756,1.8350768089294434,0.03137415647506714,7.523372173309326,1.8529562950134277,0.031677257269620895,7.906459331512451,1.9216283559799194,0.032801009714603424
47,40.45476531982422,4.095120906829834,0.10288528352975845,56.56160354614258,4.774159908294678,0.12191435694694519,83.5663070678711,5.772927761077881,0.15027299523353577
48,46.79159164428711,3.7589402198791504,0.10561954975128174,79.17218780517578,4.758556842803955,0.1454695463180542,124.23871612548828,6.130270481109619,0.20200017094612122
49,31.59254264831543,3.070866107940674,0.06383977830410004,40.785404205322266,3.454555034637451,0.07410827279090881,48.97987365722656,3.873948812484741,0.08475116640329361
50,13.00168228149414,2.4662554264068604,0.044882744550704956,13.932842254638672,2.556453227996826,0.04660786688327789,15.879386901855469,2.7639832496643066,0.05038098618388176
51,44.07335662841797,4.769350051879883,0.11870382726192474,53.640167236328125,5.2150959968566895,0.13373742997646332,66.52315521240234,5.78024959564209,0.15179865062236786
52,49.60275650024414,3.9467897415161133,0.10165558010339737,69.57489776611328,4.712073802947998,0.1260761022567749,111.56745147705078,6.162161350250244,0.1686519980430603
53,24.915868759155273,3.4829776287078857,0.07090162485837936,29.13574981689453,3.7557945251464844,0.0770004615187645,36.13916778564453,4.27235221862793,0.08729130774736404
54,21.91621208190918,2.701036214828491,0.06120608001947403,33.089683532714844,3.1295530796051025,0.07408995926380157,52.55073165893555,3.8552160263061523,0.09596123546361923
55,6.0830888748168945,1.6390042304992676,0.02791205607354641,6.24605655670166,1.674160122871399,0.028515642508864403,6.403298377990723,1.7113704681396484,0.029113397002220154
56,69.73072814941406,4.880061149597168,0.17731960117816925,97.59993743896484,5.913972854614258,0.22776558995246887,154.8935546875,7.8676347732543945,0.31568172574043274
57,12.582335472106934,2.097682237625122,0.04791141673922539,18.58732032775879,2.4693899154663086,0.057906825095415115,31.166671752929688,3.1973342895507812,0.07642469555139542
58,30.652727127075195,3.3220386505126953,0.07056824117898941,38.88026428222656,3.6857259273529053,0.07947950065135956,50.342254638671875,4.196293354034424,0.09252524375915527
59,16.594257354736328,2.2949962615966797,0.045604851096868515,28.698942184448242,2.737248420715332,0.05740344151854515,39.95795440673828,3.183370590209961,0.06977307796478271
60,49.150856018066406,4.173427104949951,0.11940031498670578,70.15414428710938,5.087582588195801,0.14612001180648804,95.14354705810547,6.02051305770874,0.17204272747039795
61,107.87320709228516,5.246729850769043,0.20271767675876617,178.71534729003906,6.862224578857422,0.2968162000179291,262.2147521972656,8.79574203491211,0.4155319333076477
62,81.69864654541016,5.162725448608398,0.17057809233665466,105.64866638183594,5.68471622467041,0.20550842583179474,124.67453002929688,6.1217427253723145,0.23042868077754974
63,50.838111877441406,4.258579254150391,0.11364345997571945,75.5291519165039,5.260248184204102,0.13992099463939667,111.83373260498047,6.519668102264404,0.17622727155685425
64,27.622093200683594,2.231447696685791,0.05340568348765373,40.80966567993164,2.731001853942871,0.0722997710108757,55.27153396606445,3.297438621520996,0.09004974365234375
65,25.10704231262207,3.132097005844116,0.0576188862323761,27.960044860839844,3.26366925239563,0.062413230538368225,29.966936111450195,3.3764140605926514,0.06633012741804123
66,5.383932590484619,1.3887956142425537,0.022113127633929253,5.451784610748291,1.4372546672821045,0.02281760424375534,5.78206205368042,1.520226001739502,0.024056361988186836
67,16.885334014892578,1.8680301904678345,0.0391630120575428,22.552242279052734,2.0795838832855225,0.04508267715573311,25.079051971435547,2.2397654056549072,0.049138497561216354
68,25.49601936340332,2.375175952911377,0.05643359199166298,39.4174690246582,2.9097492694854736,0.07436279207468033,66.3231430053711,3.9539992809295654,0.10563836246728897
69,51.85661697387695,3.974666118621826,0.09995424747467041,78.5253677368164,4.9552130699157715,0.1275671422481537,131.62832641601562,6.455074787139893,0.17022909224033356
70,18.168344497680664,2.1351754665374756,0.051903821527957916,29.827417373657227,2.6640536785125732,0.06973650306463242,56.443016052246094,3.604072093963623,0.10020719468593597
71,16.748825073242188,2.1528103351593018,0.03969292715191841,22.399791717529297,2.4454219341278076,0.04659954831004143,25.378232955932617,2.633211612701416,0.05136571452021599
72,40.55570983886719,4.304836273193359,0.09707324951887131,59.6722297668457,5.118957996368408,0.12164729088544846,89.78692626953125,6.149387836456299,0.15557441115379333
73,44.22090148925781,4.170226097106934,0.11388486623764038,68.30575561523438,5.125313758850098,0.14272114634513855,106.45436096191406,6.3821516036987305,0.18349920213222504
74,16.840932846069336,1.9492453336715698,0.04196302592754364,26.852909088134766,2.3961825370788574,0.053064975887537,45.445072174072266,3.121403217315674,0.07223381847143173
75,36.945777893066406,3.6922123432159424,0.11027654260396957,57.1569709777832,4.7003068923950195,0.14542707800865173,86.94001007080078,5.929778575897217,0.19039219617843628
76,42.35969543457031,4.1123456954956055,0.11498094350099564,60.08543395996094,4.810271739959717,0.1407008320093155,90.98749542236328,6.031734466552734,0.1828790307044983
77,43.89923858642578,3.4271764755249023,0.11560684442520142,79.99562072753906,4.510176181793213,0.16346390545368195,150.298583984375,6.244325637817383,0.25955063104629517
78,26.038484573364258,2.570496082305908,0.05463232845067978,44.363121032714844,3.2029032707214355,0.07327040284872055,84.31988525390625,4.291317462921143,0.10792873799800873
79,19.177730560302734,1.9817970991134644,0.045297928154468536,35.61299133300781,2.4237844944000244,0.06409437954425812,74.43512725830078,3.283069610595703,0.09936624020338058
80,28.0242919921875,3.2474372386932373,0.06235598027706146,37.14439010620117,3.6738762855529785,0.07264137268066406,49.1806640625,4.21174955368042,0.08495567739009857
81,42.5020637512207,4.020740985870361,0.10343104600906372,69.25021362304688,5.098263263702393,0.13512225449085236,107.55213165283203,6.562979221343994,0.18261049687862396
82,55.0176887512207,4.110931873321533,0.14177437126636505,92.9786148071289,5.169296741485596,0.1901644915342331,156.6798858642578,7.086446762084961,0.2701869606971741
83,21.266986846923828,2.21014404296875,0.05380041152238846,40.296875,2.784208059310913,0.08074582368135452,68.30012512207031,3.511756181716919,0.1135031133890152
84,35.45728302001953,3.2417731285095215,0.10253438353538513,60.085262298583984,4.023550510406494,0.13695381581783295,108.75487518310547,5.359241008758545,0.20009352266788483
85,11.819108009338379,1.731122374534607,0.031954195350408554,17.674787521362305,1.9642356634140015,0.03868737444281578,34.38528060913086,2.436569929122925,0.05208365246653557
86,42.343162536621094,3.811497926712036,0.08301623910665512,56.493560791015625,4.450639724731445,0.09891003370285034,71.0663070678711,5.012376308441162,0.11496516317129135
87,48.94960403442383,4.123059272766113,0.0943451076745987,67.82271575927734,4.867440223693848,0.11558172851800919,97.25724792480469,5.932483196258545,0.14608898758888245
88,30.603090286254883,2.328979015350342,0.06673748791217804,64.38854217529297,3.2389965057373047,0.09994682669639587,132.14315795898438,4.86046028137207,0.17274676263332367
89,18.193628311157227,2.2040815353393555,0.043833233416080475,29.415639877319336,2.6830503940582275,0.054913606494665146,50.55937576293945,3.478086233139038,0.07224084436893463
90,11.267244338989258,1.6397614479064941,0.032325584441423416,13.466556549072266,1.75104558467865,0.034976862370967865,11.729089736938477,1.799338936805725,0.0353223979473114
91,25.256900787353516,3.3690290451049805,0.11187144368886948,40.009246826171875,4.160863876342773,0.14161941409111023,68.50165557861328,5.5910258293151855,0.1923753023147583
92,5.040193557739258,1.4335943460464478,0.022036191076040268,5.259812831878662,1.4814833402633667,0.022715264931321144,5.754480361938477,1.534722924232483,0.02350689098238945
93,24.528711318969727,2.5092694759368896,0.06281625479459763,43.43284606933594,3.1710257530212402,0.08535241335630417,73.19283294677734,4.162088394165039,0.1202690526843071
94,16.80179214477539,2.3717730045318604,0.050293710082769394,24.988420486450195,2.7765331268310547,0.05906026437878609,44.48775863647461,3.7006216049194336,0.07812061160802841
95,52.57412338256836,3.9167823791503906,0.11240953207015991,90.23079681396484,5.097092628479004,0.1578666865825653,153.75827026367188,6.953688144683838,0.23338191211223602
96,47.280338287353516,2.6368918418884277,0.08202481269836426,71.44535827636719,3.3371055126190186,0.11707088351249695,109.42988586425781,4.190742015838623,0.16181060671806335
97,23.07301139831543,2.486433506011963,0.057948049157857895,34.9703369140625,3.034688711166382,0.07032674551010132,62.98629379272461,4.025351524353027,0.09507455676794052
98,20.19121742248535,2.522817611694336,0.06352990120649338,33.69719314575195,3.1100478172302246,0.08755737543106079,57.848575592041016,4.188898086547852,0.1214204654097557
99,6.956947326660156,1.4904190301895142,0.025169510394334793,7.906900882720947,1.5902645587921143,0.027098964899778366,8.456912994384766,1.6707842350006104,0.028309883549809456
100,62.16082763671875,4.5203046798706055,0.12192271649837494,87.59663391113281,5.433003902435303,0.15434567630290985,133.2886505126953,6.8259663581848145,0.20709659159183502
101,38.45145034790039,3.5659804344177246,0.08103866130113602,53.94355392456055,4.263885498046875,0.09991272538900375,73.37259674072266,5.077888488769531,0.12120844423770905
102,19.70824432373047,2.37579345703125,0.059129972010850906,31.030120849609375,2.821728467941284,0.07618310302495956,56.2198371887207,3.6958258152008057,0.10676360130310059
103,27.020532608032227,2.708261013031006,0.06629864871501923,39.164207458496094,3.186427116394043,0.08662603050470352,62.783329010009766,4.111228942871094,0.1167924776673317
104,25.33304786682129,2.558598279953003,0.05655335262417793,40.54542922973633,3.060791015625,0.07145988196134567,59.555538177490234,3.681069850921631,0.08771774172782898
105,5.17258882522583,1.4084258079528809,0.02191886678338051,5.2591681480407715,1.4532040357589722,0.022577941417694092,5.8920698165893555,1.5607095956802368,0.024150336161255836
106,6.461814880371094,1.5539575815200806,0.027271637693047523,7.4276604652404785,1.611790657043457,0.028990063816308975,10.40163803100586,1.7520315647125244,0.033853769302368164
107,4.820609092712402,1.487213373184204,0.022604698315262794,5.172708988189697,1.5422852039337158,0.023401914164423943,5.509715557098389,1.5652683973312378,0.02375093474984169
108,9.150887489318848,1.5095165967941284,0.029042920097708702,11.466021537780762,1.6039847135543823,0.03384234383702278,14.258749008178711,1.710607886314392,0.041770435869693756
109,18.533611297607422,2.4325168132781982,0.04946180805563927,24.317411422729492,2.7258412837982178,0.05791434273123741,29.579538345336914,3.0398693084716797,0.06556188315153122
110,15.350680351257324,2.1459293365478516,0.03904251381754875,19.767093658447266,2.377936363220215,0.0440467968583107,27.257627487182617,2.8022289276123047,0.052280500531196594
111,31.62099266052246,2.8352267742156982,0.06628439575433731,43.99968719482422,3.2939064502716064,0.08161613345146179,74.91726684570312,4.10388708114624,0.11497519910335541
112,35.041412353515625,3.8612611293792725,0.0875554084777832,49.5034065246582,4.48984432220459,0.10470584779977798,70.85104370117188,5.362999439239502,0.12695905566215515
113,57.99474334716797,4.187568187713623,0.11377101391553879,78.77023315429688,4.958691596984863,0.1399446725845337,112.85397338867188,5.994980335235596,0.17419105768203735
114,23.559640884399414,2.240629196166992,0.048151396214962006,33.515113830566406,2.6254453659057617,0.058937832713127136,49.170555114746094,3.2278711795806885,0.07495038211345673
115,25.47584342956543,2.3010096549987793,0.06393539905548096,41.604644775390625,2.7615888118743896,0.08536204695701599,70.36331176757812,3.53334641456604,0.11763903498649597
116,34.38666534423828,3.1193060874938965,0.06979148834943771,46.374210357666016,3.5200743675231934,0.08418329805135727,77.82894897460938,4.39589786529541,0.11949416995048523
117,24.50593376159668,2.600402355194092,0.05499210208654404,38.683982849121094,3.1828014850616455,0.06859519332647324,64.63272094726562,4.127593994140625,0.09132730215787888
118,12.97658634185791,1.6671315431594849,0.032905422151088715,16.512826919555664,1.8460943698883057,0.03757151961326599,18.480403900146484,2.018239736557007,0.04203266650438309
119,18.74778938293457,2.0508110523223877,0.04576868563890457,30.850210189819336,2.5431785583496094,0.05940970405936241,52.23078536987305,3.3603625297546387,0.08294753730297089
120,61.983272552490234,4.393379211425781,0.11943481117486954,86.36852264404297,5.24181604385376,0.1508343666791916,134.35501098632812,6.717762470245361,0.20951496064662933
121,15.922028541564941,2.635159492492676,0.048502493649721146,16.75885772705078,2.759442090988159,0.05078110471367836,17.954652786254883,2.9417190551757812,0.0543387271463871
122,23.252105712890625,2.2956936359405518,0.05588630959391594,42.56367874145508,2.861097574234009,0.07843728363513947,78.06403350830078,3.8559975624084473,0.11880950629711151
123,8.95560073852539,1.6766183376312256,0.02830134890973568,10.348812103271484,1.8042000532150269,0.030757222324609756,11.681734085083008,1.9569768905639648,0.03313598781824112
124,46.62854766845703,3.67765474319458,0.1079280897974968,76.53955841064453,4.670212745666504,0.1480502039194107,127.52716064453125,6.226642608642578,0.21453502774238586
125,45.9166145324707,3.676874876022339,0.11204834282398224,85.79024505615234,4.873648166656494,0.17266876995563507,154.7281951904297,6.747681617736816,0.2757929861545563
126,35.34991455078125,3.9511311054229736,0.07973956316709518,39.375762939453125,4.177259922027588,0.08437550812959671,44.65396499633789,4.580257415771484,0.09254603832960129
127,89.51777648925781,4.189507484436035,0.17021816968917847,146.19613647460938,5.600031852722168,0.24956338107585907,259.9080810546875,8.03396224975586,0.406108558177948
128,22.178598403930664,2.49747633934021,0.059950392693281174,32.76479721069336,2.93159818649292,0.07360167056322098,48.85504913330078,3.543532371520996,0.09073558449745178
129,23.239465713500977,2.571277618408203,0.05172397196292877,30.0936336517334,2.901101589202881,0.060203392058610916,37.28156280517578,3.311319351196289,0.06883081048727036
130,46.638389587402344,3.7247543334960938,0.10046596080064774,73.21131134033203,4.6364545822143555,0.13194890320301056,122.57857513427734,6.172706127166748,0.19123458862304688
131,38.880332946777344,3.6429028511047363,0.09577830135822296,57.917884826660156,4.406718730926514,0.12142480164766312,92.23107147216797,5.596731662750244,0.16534024477005005
132,11.624732971191406,1.621058702468872,0.033146731555461884,15.078660011291504,1.7503389120101929,0.03949079290032387,21.132553100585938,1.9613028764724731,0.04551655054092407
133,32.10149002075195,3.5506606101989746,0.07785739749670029,44.9208984375,4.138355731964111,0.09449690580368042,62.35811996459961,4.899586200714111,0.11361872404813766
134,51.74952697753906,3.5798168182373047,0.09064321219921112,87.21733856201172,4.714416980743408,0.12794949114322662,133.3733367919922,6.1265974044799805,0.1734253615140915
135,16.268577575683594,2.3785603046417236,0.04323602467775345,19.733245849609375,2.5284063816070557,0.047132737934589386,21.27569007873535,2.652007579803467,0.04938298463821411
136,23.829896926879883,2.545872449874878,0.05468711629509926,38.01900100708008,3.2265918254852295,0.07116947323083878,63.282588958740234,4.3097991943359375,0.09753281623125076
137,47.438499450683594,4.086163520812988,0.10671078413724899,66.63664245605469,4.801706790924072,0.13004502654075623,97.13703155517578,5.856653690338135,0.16454170644283295
138,23.812509536743164,2.8196651935577393,0.057439856231212616,32.061004638671875,3.2768726348876953,0.06836608797311783,42.1185302734375,3.9002857208251953,0.08242600411176682
139,65.24076843261719,4.607759475708008,0.1469537913799286,107.75206756591797,5.94772481918335,0.20308616757392883,177.06600952148438,7.823561668395996,0.29057076573371887
140,56.93732833862305,5.267618656158447,0.13699501752853394,75.30683898925781,5.819544792175293,0.16571706533432007,107.78175354003906,6.646414279937744,0.2118314504623413
141,42.13633728027344,3.9248178005218506,0.0917973741889,58.88581466674805,4.642090320587158,0.1092546358704567,88.78763580322266,5.793671131134033,0.1383451372385025
142,26.159378051757812,2.6216955184936523,0.07043067365884781,42.54377365112305,3.1440439224243164,0.09591777622699738,72.08807373046875,4.046559810638428,0.13088487088680267
143,23.167081832885742,2.5332489013671875,0.0572710782289505,31.024330139160156,2.8873238563537598,0.06695928424596786,48.78270721435547,3.477186679840088,0.08658487349748611
144,43.669456481933594,3.9534990787506104,0.13357070088386536,74.61224365234375,5.2529215812683105,0.18228766322135925,120.79257202148438,7.10557746887207,0.2546137273311615
145,25.415550231933594,2.1879420280456543,0.06554099917411804,46.73249816894531,2.7829465866088867,0.09528383612632751,89.6627197265625,3.841878652572632,0.14009204506874084
146,43.750057220458984,3.6000237464904785,0.09446047246456146,69.04923248291016,4.492941379547119,0.12251783162355423,104.52764892578125,5.739715576171875,0.16532859206199646
147,14.86037540435791,2.215590715408325,0.041875533759593964,19.855548858642578,2.480520725250244,0.04887191206216812,23.43525505065918,2.765651226043701,0.05477653071284294
148,59.782470703125,4.4736223220825195,0.10852457582950592,84.32029724121094,5.3939995765686035,0.1339133381843567,121.25076293945312,6.643030643463135,0.17251989245414734
149,51.06550216674805,3.098583459854126,0.11581067740917206,89.06402587890625,3.9482505321502686,0.16057521104812622,166.81544494628906,5.573253154754639,0.24945345520973206
150,54.553226470947266,4.41770601272583,0.11524885892868042,81.01380920410156,5.375345706939697,0.1439369171857834,121.05496978759766,6.6918182373046875,0.1874110847711563
151,27.18831443786621,2.8971664905548096,0.07030683010816574,51.71583557128906,3.6154048442840576,0.09889096766710281,96.32232666015625,4.793978691101074,0.14876948297023773
152,9.355789184570312,1.9292720556259155,0.03368129953742027,10.460468292236328,2.013627290725708,0.035335663706064224,11.43050765991211,2.142308473587036,0.037572331726551056
153,13.457913398742676,2.0775551795959473,0.03835415840148926,14.684199333190918,2.105912685394287,0.03966965153813362,14.616869926452637,2.1700549125671387,0.0405731126666069
154,21.55848503112793,2.56126070022583,0.06531272083520889,31.45879554748535,3.0076968669891357,0.0797727108001709,48.30575180053711,3.7132389545440674,0.10156143456697464
155,79.3551254272461,4.25119161605835,0.16483919322490692,144.12045288085938,5.9046807289123535,0.26113808155059814,258.23065185546875,8.555156707763672,0.4515978991985321
156,8.340414047241211,2.0502395629882812,0.03807958588004112,10.343624114990234,2.231797456741333,0.041664574295282364,14.300776481628418,2.6263198852539062,0.049048732966184616
157,28.927980422973633,2.6680612564086914,0.06887242943048477,44.789031982421875,3.209951639175415,0.0883384495973587,73.3637466430664,4.145374298095703,0.12339456379413605
158,36.57291030883789,3.800670623779297,0.09165645390748978,55.47822952270508,4.605168342590332,0.11605041474103928,91.60140991210938,5.942458629608154,0.15949289500713348
159,81.47909545898438,4.858998775482178,0.1564289927482605,142.14195251464844,6.346359729766846,0.21451592445373535,257.4976501464844,8.871807098388672,0.3293956220149994
160,63.454166412353516,4.37368106842041,0.1596507430076599,120.3187026977539,5.841064929962158,0.22286666929721832,232.12693786621094,8.470993041992188,0.34004414081573486
161,24.190183639526367,2.425910472869873,0.053929977118968964,37.921287536621094,2.9166760444641113,0.06938691437244415,56.52464294433594,3.616271495819092,0.09166181087493896
162,25.5892333984375,2.3187785148620605,0.05749353766441345,46.74397277832031,2.9547805786132812,0.07879112660884857,83.0048828125,4.019372463226318,0.11859289556741714
163,89.02249908447266,4.65830135345459,0.1804046779870987,160.68185424804688,6.388739585876465,0.25373056530952454,293.9852600097656,9.154492378234863,0.3884916603565216
164,51.7859001159668,3.96645450592041,0.10406038165092468,75.66609954833984,4.837090492248535,0.12990421056747437,114.28575134277344,6.0746049880981445,0.16682501137256622
165,82.72913360595703,5.345168590545654,0.1887078434228897,116.3659896850586,6.309321403503418,0.25410860776901245,150.58786010742188,7.479725360870361,0.34126222133636475
166,39.24235534667969,3.3378849029541016,0.07578518986701965,55.61600112915039,3.9559593200683594,0.09589020907878876,67.31171417236328,4.4834771156311035,0.11142143607139587
167,13.003315925598145,1.8704913854599,0.03196785971522331,18.6144962310791,2.1473801136016846,0.037283755838871,22.27790069580078,2.3649697303771973,0.04094018042087555
168,20.165607452392578,2.391463279724121,0.04514125734567642,27.892663955688477,2.7393486499786377,0.05406920239329338,45.743099212646484,3.4306390285491943,0.0711338147521019
169,13.833002090454102,2.3468902111053467,0.04009918123483658,17.138322830200195,2.572458267211914,0.04464397951960564,23.40652847290039,2.8960556983947754,0.05150679126381874
170,42.95047378540039,4.036073207855225,0.09563624858856201,57.65696334838867,4.681674480438232,0.11512380838394165,79.19865417480469,5.586000919342041,0.1406879425048828
171,6.18024206161499,1.648398756980896,0.025995399802923203,6.3999834060668945,1.6910475492477417,0.026647547259926796,6.963494777679443,1.804185390472412,0.028380757197737694
172,62.17073059082031,4.760159015655518,0.11944355070590973,82.8438949584961,5.586793422698975,0.14391526579856873,110.12130737304688,6.537967205047607,0.17607593536376953
173,5.514471530914307,1.5915921926498413,0.025151079520583153,5.811802387237549,1.6547565460205078,0.026135610416531563,6.506982326507568,1.8023508787155151,0.028418799862265587
174,57.441261291503906,4.574709892272949,0.12481087446212769,91.98307037353516,5.858807563781738,0.17083047330379486,146.86636352539062,7.624399185180664,0.2365768402814865
175,28.338254928588867,3.4254841804504395,0.0689077153801918,41.32971954345703,3.9809203147888184,0.08197638392448425,64.45689392089844,4.942728519439697,0.10399015992879868
176,24.502172470092773,2.3356587886810303,0.06004193052649498,46.1778564453125,2.9445042610168457,0.08315471559762955,93.73771667480469,4.126622200012207,0.13096889853477478
177,7.496622085571289,1.6966753005981445,0.03249748423695564,7.574258804321289,1.746617317199707,0.03341040387749672,8.103124618530273,1.8453222513198853,0.03496476262807846
178,13.456666946411133,2.010164737701416,0.03701629862189293,17.157649993896484,2.159961700439453,0.040959808975458145,19.84500503540039,2.3613438606262207,0.044689830392599106
179,14.500195503234863,2.480637788772583,0.04783707484602928,15.717133522033691,2.6210293769836426,0.05043763294816017,17.414583206176758,2.7913665771484375,0.053667161613702774
180,35.786293029785156,3.610114574432373,0.0780731812119484,47.1536865234375,4.124680519104004,0.09196365624666214,61.184661865234375,4.6948771476745605,0.10754066705703735
181,39.72385787963867,3.1822702884674072,0.07372206449508667,59.11429214477539,3.8912293910980225,0.09536091238260269,79.93962860107422,4.676977634429932,0.11829609423875809
182,26.017333984375,2.616983652114868,0.054540976881980896,34.13786697387695,2.955444812774658,0.0631902739405632,46.16448974609375,3.443849563598633,0.07582590728998184
183,4.617013931274414,1.2422819137573242,0.021136991679668427,4.476728439331055,1.2822539806365967,0.02176004648208618,4.724548816680908,1.3417398929595947,0.022680167108774185
184,7.788461208343506,1.814380168914795,0.0311641376465559,8.526827812194824,1.8522146940231323,0.032390937209129333,8.29404067993164,1.876479148864746,0.032447006553411484
185,25.379865646362305,2.4047064781188965,0.05913645029067993,45.82073211669922,3.0103750228881836,0.08775115758180618,80.84587860107422,3.8627188205718994,0.12638628482818604
186,25.971574783325195,2.800826072692871,0.0593130923807621,37.631553649902344,3.269866704940796,0.07209315150976181,61.00374984741211,4.1207098960876465,0.09443081170320511
187,61.4708137512207,4.418774604797363,0.18020381033420563,113.14572143554688,5.761224269866943,0.24310186505317688,222.9425811767578,8.354337692260742,0.3681456744670868
188,30.76457405090332,3.0080058574676514,0.06723296642303467,44.013526916503906,3.5397660732269287,0.08356914669275284,64.80184936523438,4.327924728393555,0.10781973600387573
189,11.397185325622559,2.078758955001831,0.03715606406331062,13.432538032531738,2.229508638381958,0.04011044651269913,15.740617752075195,2.5260956287384033,0.0453714020550251
190,59.3917350769043,3.909389019012451,0.1050451472401619,77.14886474609375,4.510197162628174,0.12943778932094574,102.1583480834961,5.365794658660889,0.1640060991048813
191,49.17972183227539,4.730592727661133,0.1454087346792221,70.76761627197266,5.572125434875488,0.1822221726179123,111.00581359863281,6.998314380645752,0.2254224717617035
192,29.586700439453125,2.967289924621582,0.06925316900014877,44.49824905395508,3.6346495151519775,0.08846937119960785,63.95091247558594,4.525430202484131,0.11517234891653061
193,40.9610481262207,4.094508647918701,0.13066624104976654,67.41361999511719,5.102053165435791,0.16645529866218567,118.61499786376953,6.796422481536865,0.2220616489648819
194,35.076690673828125,3.728529930114746,0.07615643739700317,45.76248550415039,4.263907432556152,0.0878915935754776,57.0515022277832,4.814911842346191,0.10127072036266327
195,49.12428665161133,3.442753553390503,0.0819040909409523,69.20329284667969,4.088906288146973,0.10308690369129181,94.62890625,4.955475807189941,0.13156642019748688
196,10.650798797607422,2.2059061527252197,0.08115210384130478,15.252588272094727,2.5003437995910645,0.09628589451313019,27.12974739074707,3.250628709793091,0.12018577754497528
197,25.67613410949707,3.324568510055542,0.10415221005678177,39.097389221191406,4.075101375579834,0.12985529005527496,60.449241638183594,5.297633647918701,0.16963833570480347
198,23.91482925415039,2.3843913078308105,0.06184215471148491,39.28109359741211,2.889817953109741,0.07816386967897415,72.8612289428711,3.8622231483459473,0.11267433315515518
199,41.939815521240234,3.031231164932251,0.09168919920921326,65.52622985839844,3.683319568634033,0.12386614829301834,103.24813842773438,4.732417106628418,0.17887413501739502
200,10.766706466674805,2.042512893676758,0.034539032727479935,10.93463134765625,2.101081132888794,0.03542456030845642,11.799382209777832,2.258911371231079,0.037949368357658386
201,19.360593795776367,2.098139524459839,0.04455288499593735,29.899612426757812,2.3821194171905518,0.05558314546942711,36.392494201660156,2.6555888652801514,0.06213313341140747
202,8.633753776550293,1.9576997756958008,0.03269461914896965,9.207645416259766,2.0324180126190186,0.03391112759709358,9.89065933227539,2.144831657409668,0.03573312610387802
203,7.60869836807251,1.4617414474487305,0.026345182210206985,10.222678184509277,1.541789174079895,0.030368708074092865,11.991927146911621,1.5946264266967773,0.032732315361499786
204,17.079809188842773,2.7477171421051025,0.05260099843144417,24.24081039428711,3.297581672668457,0.06349007785320282,37.3227424621582,4.1372809410095215,0.08027684688568115
205,67.154052734375,3.870426654815674,0.09133090823888779,78.98470306396484,4.239805221557617,0.10770305246114731,85.1694564819336,4.566806316375732,0.12254942208528519
206,61.284027099609375,3.7608048915863037,0.13019944727420807,111.68864440917969,5.243227958679199,0.20838366448879242,200.7412109375,7.445603370666504,0.3581996262073517
